<?xml version="1.0" encoding="UTF-8"?>

<configuration>
	<logger name="org.springframework" level="ERROR" />
	<logger name="org.hibernate" level="WARN"/>
	<logger name="springfox.documentation" level="ERROR"/>
	<logger name="org.apache.kafka" level="WARN"/>
	
	<springProfile name="local">
		<appender name="CONSOLE"
			class="ch.qos.logback.core.ConsoleAppender">
			<encoder>
				<pattern>
					%d{dd-MM-yyyy HH:mm:ss.SSS} [%thread] %5p %logger{25}.%M %L - %X{headerInfo} %msg%n
				</pattern>
				<charset>utf8</charset>
			</encoder>
		</appender>
		<root level="INFO">
			<appender-ref ref="CONSOLE" />
		</root>
	</springProfile>
	<springProfile name="dev">
		<appender name="CONSOLE"
			class="ch.qos.logback.core.ConsoleAppender">
			<encoder>
				<pattern>
					%d{dd-MM-yyyy HH:mm:ss.SSS} [%thread] %5p %logger{25}.%M %L - %X{headerInfo} %msg%n
				</pattern>
				<charset>utf8</charset>
			</encoder>
		</appender>
		<root level="INFO">
			<appender-ref ref="CONSOLE" />
		</root>
	</springProfile>
	
	<springProfile name="sit">
		<appender name="CONSOLE"
			class="ch.qos.logback.core.ConsoleAppender">
			<encoder>
				<pattern>
					%d{dd-MM-yyyy HH:mm:ss.SSS} [%thread] %5p %logger{25}.%M %L - %X{headerInfo} %msg%n
				</pattern>
				<charset>utf8</charset>
			</encoder>
		</appender>
		<root level="INFO">
			<appender-ref ref="CONSOLE" />
		</root>
	</springProfile>

	<springProfile name="uat">
		<appender name="CONSOLE"
			class="ch.qos.logback.core.ConsoleAppender">
			<encoder>
				<pattern>
					%d{dd-MM-yyyy HH:mm:ss.SSS} [%thread] %5p %logger{25}.%M %L - %X{headerInfo} %msg%n
				</pattern>
				<charset>utf8</charset>
			</encoder>
		</appender>
		<root level="INFO">
			<appender-ref ref="CONSOLE" />
		</root>
	</springProfile>
	
	<springProfile name="prod">
		<appender name="CONSOLE"
			class="ch.qos.logback.core.ConsoleAppender">
			<encoder>
				<pattern>
					%d{dd-MM-yyyy HH:mm:ss.SSS} [%thread] %5p %logger{25}.%M %L - %X{headerInfo} %msg%n
				</pattern>
				<charset>utf8</charset>
			</encoder>
		</appender>
		<root level="INFO">
			<appender-ref ref="CONSOLE" />
		</root>
	</springProfile>

	<springProfile name="default">
		<appender name="CONSOLE"
			class="ch.qos.logback.core.ConsoleAppender">
			<encoder>
				<pattern>
					%d{dd-MM-yyyy HH:mm:ss.SSS} [%thread] %5p %logger{25}.%M %L - %X{headerInfo} %msg%n
				</pattern>
				<charset>utf8</charset>
			</encoder>
		</appender>
		<root level="INFO">
			<appender-ref ref="CONSOLE" />
		</root>
	</springProfile>

</configuration>
